currency_pair,data_timestamp,db_timestamp,max,min,mean,vol,fd,_id
USDEUR,2025-05-01 19:53:44.127245,2025-05-01 19:59:44.779397,0.8853,0.885,0.8852112903225806,0.00033890213927416547,0.0,68140af05bf39a1b89a5ab00
USDCAD,2025-05-01 19:53:44.127245,2025-05-01 19:59:44.790420,1.3848,1.3844,1.3846354838709678,0.00028888469540134317,0.0,68140af05bf39a1b89a5ab01
USDGBP,2025-05-01 19:53:44.127245,2025-05-01 19:59:44.798289,0.7527,0.7525,0.752658064516129,0.0002657249147109924,0.0,68140af05bf39a1b89a5ab02
USDCHF,2025-05-01 19:53:44.127245,2025-05-01 19:59:44.805774,0.8291,0.8288,0.8289564516129032,0.0003619007963762825,0.0,68140af05bf39a1b89a5ab03
USDAUD,2025-05-01 19:53:44.127245,2025-05-01 19:59:44.813778,1.5659,1.5647,1.5653693548387095,0.000766592239902214,0.0,68140af05bf39a1b89a5ab04
EURCHF,2025-05-01 19:53:44.127245,2025-05-01 19:59:44.822033,0.9366,0.9364,0.9364129032258065,0.00021358099542520933,0.0,68140af05bf39a1b89a5ab05
GBPEUR,2025-05-01 19:53:44.127245,2025-05-01 19:59:44.830006,1.1761,1.1758,1.1760435483870968,0.00025509259449737776,0.0,68140af05bf39a1b89a5ab06
GBPCHF,2025-05-01 19:53:44.127245,2025-05-01 19:59:44.838006,1.1014,1.101,1.1012887096774193,0.00036321084242943045,0.0,68140af05bf39a1b89a5ab07
USDJPY,2025-05-01 19:53:44.127245,2025-05-01 19:59:44.846012,145.45,145.402,145.42737096774192,0.0003300616636372322,0.0,68140af05bf39a1b89a5ab08
USDINR,2025-05-01 19:53:44.127245,2025-05-01 19:59:44.854012,84.6967,84.6967,84.6967,0.0,0.0,68140af05bf39a1b89a5ab09
USDCNY,2025-05-01 19:53:44.127245,2025-05-01 19:59:44.862524,7.2706,7.2706,7.2706,0.0,0.0,68140af05bf39a1b89a5ab0a
USDEUR,2025-05-01 19:59:45.240069,2025-05-01 20:05:49.373686,0.8855,0.8849,0.8852274193548386,0.0006777919288099086,1.0,68140c5d5bf39a1b89a5adb5
USDCAD,2025-05-01 19:59:45.240069,2025-05-01 20:05:49.390739,1.3848,1.3843,1.384567741935484,0.00036112353686717857,1.0,68140c5d5bf39a1b89a5adb6
USDGBP,2025-05-01 19:59:45.240069,2025-05-01 20:05:49.402738,0.7528,0.7523,0.7525935483870968,0.0006643692349896159,1.0,68140c5d5bf39a1b89a5adb7
USDCHF,2025-05-01 19:59:45.240069,2025-05-01 20:05:49.414822,0.8294,0.8287,0.8290564516129032,0.0008443333365758219,1.0,68140c5d5bf39a1b89a5adb8
USDAUD,2025-05-01 19:59:45.240069,2025-05-01 20:05:49.434498,1.5665,1.5645,1.5659064516129033,0.0012772155053962365,1.0,68140c5d5bf39a1b89a5adb9
EURCHF,2025-05-01 19:59:45.240069,2025-05-01 20:05:49.446580,0.9367,0.9363,0.9365161290322581,0.0004271149076880213,1.0,68140c5d5bf39a1b89a5adba
GBPEUR,2025-05-01 19:59:45.240069,2025-05-01 20:05:49.458733,1.1762,1.176,1.1761548387096774,0.000170045638055098,1.0,68140c5d5bf39a1b89a5adbb
GBPCHF,2025-05-01 19:59:45.240069,2025-05-01 20:05:49.471734,1.1018,1.1013,1.101551612903226,0.0004539051953109629,1.0,68140c5d5bf39a1b89a5adbc
USDJPY,2025-05-01 19:59:45.240069,2025-05-01 20:05:49.484742,145.528,145.332,145.43909677419356,0.0013476431327423908,1.0,68140c5d5bf39a1b89a5adbd
USDINR,2025-05-01 19:59:45.240069,2025-05-01 20:05:49.492743,84.6969,84.6967,84.69679193548387,2.3613645265900336e-06,0.0,68140c5d5bf39a1b89a5adbe
USDCNY,2025-05-01 19:59:45.240069,2025-05-01 20:05:49.505775,7.2706,7.2706,7.2706,0.0,0.0,68140c5d5bf39a1b89a5adbf
USDEUR,2025-05-01 20:05:49.520785,2025-05-01 20:11:49.991744,0.8856,0.8854,0.8854696428571429,0.0002258688387721,0.9208333333333333,68140dc55bf39a1b89a5b028
USDCAD,2025-05-01 20:05:49.520785,2025-05-01 20:11:50.009259,1.3849,1.3845,1.3847625000000001,0.00028885819770535086,0.8476190476190476,68140dc65bf39a1b89a5b029
USDGBP,2025-05-01 20:05:49.520785,2025-05-01 20:11:50.027282,0.7529,0.7527,0.7528071428571429,0.0002656722932262761,0.724907063197026,68140dc65bf39a1b89a5b02a
USDCHF,2025-05-01 20:05:49.520785,2025-05-01 20:11:50.042291,0.8296,0.8292,0.8294071428571429,0.0004822721909797345,0.7396593673965937,68140dc65bf39a1b89a5b02b
USDAUD,2025-05-01 20:05:49.520785,2025-05-01 20:11:50.153423,1.5666,1.5657,1.5662285714285713,0.0005746287715713184,0.6588050314465409,68140dc65bf39a1b89a5b02c
EURCHF,2025-05-01 20:05:49.520785,2025-05-01 20:11:50.167435,0.9367,0.9365,0.9366517857142858,0.00021352652399787934,1.0,68140dc65bf39a1b89a5b02d
GBPEUR,2025-05-01 20:05:49.520785,2025-05-01 20:11:50.178397,1.1763,1.1759,1.176167857142857,0.00034008751180433935,0.6153846153846154,68140dc65bf39a1b89a5b02e
GBPCHF,2025-05-01 20:05:49.520785,2025-05-01 20:11:50.189642,1.1018,1.1015,1.1017142857142856,0.0002723029045642854,0.6995884773662552,68140dc65bf39a1b89a5b02f
USDJPY,2025-05-01 20:05:49.520785,2025-05-01 20:11:50.210643,145.541,145.477,145.51114285714286,0.00043982885944910516,0.9327731092436975,68140dc65bf39a1b89a5b030
USDINR,2025-05-01 20:05:49.520785,2025-05-01 20:11:50.228640,84.6969,84.6968,84.69683035714286,1.1806817277771507e-06,0.0,68140dc65bf39a1b89a5b031
USDCNY,2025-05-01 20:05:49.520785,2025-05-01 20:11:50.238659,7.2706,7.2706,7.2706,0.0,0.0,68140dc65bf39a1b89a5b032
USDEUR,2025-05-01 20:11:50.267391,2025-05-01 20:17:52.452603,0.8859,0.8855,0.8856935483870968,0.00045162347713663707,1.0,68140f305bf39a1b89a5b2dd
USDCAD,2025-05-01 20:11:50.267391,2025-05-01 20:17:52.464576,1.3849,1.3846,1.384801612903226,0.00021663752930719027,0.6714285714285714,68140f305bf39a1b89a5b2de
USDGBP,2025-05-01 20:11:50.267391,2025-05-01 20:17:52.475573,0.753,0.7529,0.7529661290322581,0.00013280809872352818,0.5724907063197026,68140f305bf39a1b89a5b2df
USDCHF,2025-05-01 20:11:50.267391,2025-05-01 20:17:52.486596,0.8298,0.8293,0.8295758064516129,0.0006027176734319441,0.4233576642335766,68140f305bf39a1b89a5b2e0
USDAUD,2025-05-01 20:11:50.267391,2025-05-01 20:17:52.500569,1.5668,1.5639,1.5658693548387097,0.001852006357387723,1.0,68140f305bf39a1b89a5b2e1
EURCHF,2025-05-01 20:11:50.267391,2025-05-01 20:17:52.516610,0.9367,0.9365,0.936608064516129,0.00021353649149209717,0.6335403726708074,68140f305bf39a1b89a5b2e2
GBPEUR,2025-05-01 20:11:50.267391,2025-05-01 20:17:52.532023,1.1764,1.176,1.1762,0.0003400782179901003,0.9957264957264957,68140f305bf39a1b89a5b2e3
GBPCHF,2025-05-01 20:11:50.267391,2025-05-01 20:17:52.544035,1.1019,1.1015,1.1016774193548386,0.0003630826891545303,0.7160493827160493,68140f305bf39a1b89a5b2e4
USDJPY,2025-05-01 20:11:50.267391,2025-05-01 20:17:52.556209,145.635,145.522,145.56551612903226,0.00077628275573065,0.7759103641456583,68140f305bf39a1b89a5b2e5
USDINR,2025-05-01 20:11:50.267391,2025-05-01 20:17:52.564243,84.6968,84.6968,84.6968,0.0,0.0,68140f305bf39a1b89a5b2e6
USDCNY,2025-05-01 20:11:50.267391,2025-05-01 20:17:52.572247,7.2706,7.2706,7.2706,0.0,0.0,68140f305bf39a1b89a5b2e7
USDEUR,2025-05-01 20:17:52.588291,2025-05-01 20:23:54.749530,0.8861,0.8858,0.8859,0.0003386386725363664,0.6416666666666667,6814109a5bf39a1b89a5b571
USDCAD,2025-05-01 20:17:52.588291,2025-05-01 20:23:55.106728,1.3847,1.3842,1.3844813559322036,0.00036114606950649996,1.0,6814109b5bf39a1b89a5b572
USDGBP,2025-05-01 20:17:52.588291,2025-05-01 20:23:55.128605,0.7531,0.7528,0.7529525423728813,0.00039843148554162035,0.7806691449814126,6814109b5bf39a1b89a5b573
USDCHF,2025-05-01 20:17:52.588291,2025-05-01 20:23:55.151145,0.8301,0.8295,0.8298694915254237,0.0007230052509787347,0.6472019464720195,6814109b5bf39a1b89a5b574
USDAUD,2025-05-01 20:17:52.588291,2025-05-01 20:23:55.188409,1.5647,1.5626,1.563871186440678,0.0013428215943920069,0.7805755395683454,6814109b5bf39a1b89a5b575
EURCHF,2025-05-01 20:17:52.588291,2025-05-01 20:23:55.209730,0.9369,0.9366,0.9367186440677966,0.0003202669252927285,0.6645962732919255,6814109b5bf39a1b89a5b576
GBPEUR,2025-05-01 20:17:52.588291,2025-05-01 20:23:55.235491,1.1766,1.1762,1.1764779661016949,0.0003399978678101328,0.7136752136752137,6814109b5bf39a1b89a5b577
GBPCHF,2025-05-01 20:17:52.588291,2025-05-01 20:23:55.262601,1.1024,1.1018,1.1020813559322034,0.0005444244172814644,0.8189300411522634,6814109b5bf39a1b89a5b578
USDJPY,2025-05-01 20:17:52.588291,2025-05-01 20:23:55.303166,145.836,145.628,145.7314915254237,0.00142728244817106,0.9159663865546218,6814109b5bf39a1b89a5b579
USDINR,2025-05-01 20:17:52.588291,2025-05-01 20:23:55.324786,84.6968,84.6759,84.68139152542372,0.00024680747001804655,1.0,6814109b5bf39a1b89a5b57a
USDCNY,2025-05-01 20:17:52.588291,2025-05-01 20:23:55.341940,7.2706,7.2706,7.2706,0.0,0.0,6814109b5bf39a1b89a5b57b
USDEUR,2025-05-01 20:23:55.574001,2025-05-01 20:29:58.983384,0.8863,0.8858,0.8861438596491228,0.0005642424698377132,0.6625,681412075bf39a1b89a5b7ef
USDCAD,2025-05-01 20:23:55.574001,2025-05-01 20:29:59.033165,1.3847,1.3842,1.3845087719298246,0.00036113891810379085,0.44285714285714284,681412075bf39a1b89a5b7f0
USDGBP,2025-05-01 20:23:55.574001,2025-05-01 20:29:59.054064,0.7531,0.7528,0.7529526315789474,0.00039843143833744846,0.7360594795539034,681412075bf39a1b89a5b7f1
USDCHF,2025-05-01 20:23:55.574001,2025-05-01 20:29:59.074164,0.8305,0.8297,0.8302,0.0009636232233197096,1.0,681412075bf39a1b89a5b7f2
USDAUD,2025-05-01 20:23:55.574001,2025-05-01 20:29:59.102010,1.5636,1.5617,1.562659649122807,0.0012158757673601992,0.6762589928057554,681412075bf39a1b89a5b7f3
EURCHF,2025-05-01 20:23:55.574001,2025-05-01 20:29:59.121137,0.937,0.9367,0.936838596491228,0.00032022591844921603,0.453416149068323,681412075bf39a1b89a5b7f4
GBPEUR,2025-05-01 20:23:55.574001,2025-05-01 20:29:59.144311,1.1771,1.1763,1.1767929824561405,0.0006798137071912308,1.0,681412075bf39a1b89a5b7f5
GBPCHF,2025-05-01 20:23:55.574001,2025-05-01 20:29:59.168609,1.103,1.1021,1.1025385964912282,0.0008162979535266195,1.0,681412075bf39a1b89a5b7f6
USDJPY,2025-05-01 20:23:55.574001,2025-05-01 20:29:59.184309,145.833,145.777,145.8057192982456,0.0003840727254701415,0.8179271708683473,681412075bf39a1b89a5b7f7
USDINR,2025-05-01 20:23:55.574001,2025-05-01 20:29:59.206130,84.6803,84.6731,84.67514210526316,8.503085818322943e-05,0.4,681412075bf39a1b89a5b7f8
USDCNY,2025-05-01 20:23:55.574001,2025-05-01 20:29:59.220176,7.2706,7.2706,7.2706,0.0,0.0,681412075bf39a1b89a5b7f9
USDEUR,2025-05-01 20:29:59.458455,2025-05-01 20:36:04.507764,0.8867,0.8862,0.8865538461538461,0.0005639815361122348,0.675,681413745bf39a1b89a5ba36
USDCAD,2025-05-01 20:29:59.458455,2025-05-01 20:36:04.521826,1.3847,1.3842,1.3844807692307695,0.00036114622254937467,0.5047619047619047,681413745bf39a1b89a5ba37
USDGBP,2025-05-01 20:29:59.458455,2025-05-01 20:36:04.539763,0.7531,0.7529,0.7530346153846155,0.00026559204041082116,0.9814126394052045,681413745bf39a1b89a5ba38
USDCHF,2025-05-01 20:29:59.458455,2025-05-01 20:36:04.556869,0.831,0.8305,0.8308115384615384,0.000601821203549753,1.0,681413745bf39a1b89a5ba39
USDAUD,2025-05-01 20:29:59.458455,2025-05-01 20:36:04.587887,1.5634,1.5618,1.5627749999999998,0.0010238198077137297,0.8285371702637889,681413745bf39a1b89a5ba3a
EURCHF,2025-05-01 20:29:59.458455,2025-05-01 20:36:04.611885,0.9373,0.937,0.9371269230769231,0.00032012739428610113,0.7515527950310559,681413745bf39a1b89a5ba3b
GBPEUR,2025-05-01 20:29:59.458455,2025-05-01 20:36:04.633751,1.1774,1.1767,1.1772115384615385,0.0005946255002858121,0.9863481228668942,681413745bf39a1b89a5ba3c
GBPCHF,2025-05-01 20:29:59.458455,2025-05-01 20:36:04.652623,1.1034,1.1028,1.1032384615384614,0.0005438534105883478,0.9894459102902374,681413745bf39a1b89a5ba3d
USDJPY,2025-05-01 20:29:59.458455,2025-05-01 20:36:04.681042,145.898,145.813,145.86782692307693,0.0005827193137307277,0.9299719887955182,681413745bf39a1b89a5ba3e
USDINR,2025-05-01 20:29:59.458455,2025-05-01 20:36:04.697546,84.6743,84.6706,84.671825,4.3698125084809976e-05,0.08888888888888889,681413745bf39a1b89a5ba3f
USDCNY,2025-05-01 20:29:59.458455,2025-05-01 20:36:04.711529,7.2706,7.2706,7.2706,0.0,0.0,681413745bf39a1b89a5ba40
USDEUR,2025-05-01 20:36:04.750445,2025-05-01 20:42:11.022151,0.8868,0.8864,0.8865929824561404,0.00045116531251120627,0.8083333333333333,681414e35bf39a1b89a5bcb4
USDCAD,2025-05-01 20:36:04.750445,2025-05-01 20:42:11.044889,1.3847,1.3842,1.3845192982456143,0.0003611361724127046,0.6,681414e35bf39a1b89a5bcb5
USDGBP,2025-05-01 20:36:04.750445,2025-05-01 20:42:11.088419,0.7532,0.7529,0.7530842105263158,0.0003983618243573356,0.7546468401486989,681414e35bf39a1b89a5bcb6
USDCHF,2025-05-01 20:36:04.750445,2025-05-01 20:42:11.123272,0.8312,0.8307,0.8309508771929824,0.0006017202866300537,0.6427378964941569,681414e35bf39a1b89a5bcb7
USDAUD,2025-05-01 20:36:04.750445,2025-05-01 20:42:11.152211,1.5627,1.5615,1.5621456140350878,0.0007681742273053646,0.8812949640287769,681414e35bf39a1b89a5bcb8
EURCHF,2025-05-01 20:36:04.750445,2025-05-01 20:42:11.174535,0.9373,0.9371,0.9372105263157895,0.00021339922502384352,1.0,681414e35bf39a1b89a5bcb9
GBPEUR,2025-05-01 20:36:04.750445,2025-05-01 20:42:11.192502,1.1773,1.177,1.1772122807017544,0.0002548393394444818,0.27986348122866894,681414e35bf39a1b89a5bcba
GBPCHF,2025-05-01 20:36:04.750445,2025-05-01 20:42:11.213360,1.1035,1.103,1.1033543859649122,0.00045316355865362507,0.6200527704485488,681414e35bf39a1b89a5bcbb
USDJPY,2025-05-01 20:36:04.750445,2025-05-01 20:42:11.235103,145.869,145.794,145.83438596491226,0.0005142820021749441,0.7254901960784313,681414e35bf39a1b89a5bcbc
USDINR,2025-05-01 20:36:04.750445,2025-05-01 20:42:11.256603,84.6706,84.6682,84.66908421052631,2.834564732065487e-05,0.06666666666666667,681414e35bf39a1b89a5bcbd
USDCNY,2025-05-01 20:36:04.750445,2025-05-01 20:42:11.270966,7.2706,7.2706,7.2706,0.0,0.0,681414e35bf39a1b89a5bcbe
USDEUR,2025-05-01 20:42:11.353023,2025-05-01 20:48:17.509313,0.8869,0.8865,0.8867948275862069,0.0004510626218793346,0.95,681416515bf39a1b89a5bf3d
USDCAD,2025-05-01 20:42:11.353023,2025-05-01 20:48:17.539433,1.3848,1.3843,1.3846206896551725,0.0003611097275488968,0.5571428571428572,681416515bf39a1b89a5bf3e
USDGBP,2025-05-01 20:42:11.353023,2025-05-01 20:48:17.567135,0.7532,0.7531,0.753156896551724,0.000132774459688057,0.43866171003717475,681416515bf39a1b89a5bf3f
USDCHF,2025-05-01 20:42:11.353023,2025-05-01 20:48:17.593205,0.8317,0.831,0.8314034482758621,0.0008419498396977684,0.4691151919866444,681416515bf39a1b89a5bf40
USDAUD,2025-05-01 20:42:11.353023,2025-05-01 20:48:17.622548,1.5627,1.5615,1.5623,0.0007680983165844382,0.6894484412470024,681416515bf39a1b89a5bf41
EURCHF,2025-05-01 20:42:11.353023,2025-05-01 20:48:17.640692,0.9378,0.9372,0.9375034482758621,0.0006399976459855994,0.7201834862385321,681416515bf39a1b89a5bf42
GBPEUR,2025-05-01 20:42:11.353023,2025-05-01 20:48:17.660218,1.1775,1.1771,1.177351724137931,0.0003397455423041403,0.6825938566552902,681416515bf39a1b89a5bf43
GBPCHF,2025-05-01 20:42:11.353023,2025-05-01 20:48:17.678172,1.1042,1.1033,1.103853448275862,0.0008153256226230546,0.9234828496042217,681416515bf39a1b89a5bf44
USDJPY,2025-05-01 20:42:11.353023,2025-05-01 20:48:17.695438,145.904,145.839,145.8851724137931,0.00044555590485666197,0.4677871148459384,681416515bf39a1b89a5bf45
USDINR,2025-05-01 20:42:11.353023,2025-05-01 20:48:17.725153,84.6682,84.667,84.66722758620689,1.4173134448926906e-05,0.044444444444444446,681416515bf39a1b89a5bf46
USDCNY,2025-05-01 20:42:11.353023,2025-05-01 20:48:17.738010,7.2706,7.2706,7.2706,0.0,0.0,681416515bf39a1b89a5bf47
USDEUR,2025-05-01 20:48:17.762192,2025-05-01 20:54:20.325112,0.8869,0.8866,0.886761403508772,0.0003383097176003774,0.5666666666666667,681417bc5bf39a1b89a5c1bb
USDCAD,2025-05-01 20:48:17.762192,2025-05-01 20:54:20.348590,1.3846,1.3841,1.3843561403508773,0.00036117873531677733,0.9333333333333333,681417bc5bf39a1b89a5c1bc
USDGBP,2025-05-01 20:48:17.762192,2025-05-01 20:54:20.369727,0.7534,0.7531,0.7532122807017543,0.00039829409010758875,0.6468401486988847,681417bc5bf39a1b89a5c1bd
USDCHF,2025-05-01 20:48:17.762192,2025-05-01 20:54:20.389473,0.8318,0.8314,0.8316,0.000481000481000428,0.3772954924874791,681417bc5bf39a1b89a5c1be
USDAUD,2025-05-01 20:48:17.762192,2025-05-01 20:54:20.409736,1.5618,1.56,1.5608210526315789,0.0011532391858536145,0.6546762589928058,681417bc5bf39a1b89a5c1bf
EURCHF,2025-05-01 20:48:17.762192,2025-05-01 20:54:20.425356,0.938,0.9376,0.9377807017543859,0.0004265389544182793,1.0,681417bc5bf39a1b89a5c1c0
GBPEUR,2025-05-01 20:48:17.762192,2025-05-01 20:54:20.442740,1.1774,1.177,1.177240350877193,0.00033977768405738505,0.8771331058020477,681417bc5bf39a1b89a5c1c1
GBPCHF,2025-05-01 20:48:17.762192,2025-05-01 20:54:20.464411,1.1042,1.1036,1.1040263157894739,0.000543465306414462,0.8311345646437994,681417bc5bf39a1b89a5c1c2
USDJPY,2025-05-01 20:48:17.762192,2025-05-01 20:54:20.493974,145.896,145.818,145.85926315789473,0.0005347620597502842,0.773109243697479,681417bc5bf39a1b89a5c1c3
USDINR,2025-05-01 20:48:17.762192,2025-05-01 20:54:20.526645,84.6682,84.6682,84.66820000000001,0.0,0.0,681417bc5bf39a1b89a5c1c4
USDCNY,2025-05-01 20:48:17.762192,2025-05-01 20:54:20.544719,7.2706,7.2706,7.2706,0.0,0.0,681417bc5bf39a1b89a5c1c5
USDEUR,2025-05-01 20:54:20.636208,2025-05-01 21:00:23.798176,0.8867,0.8862,0.8864245614035088,0.0005640637926462546,0.8416666666666667,681419275bf39a1b89a5c439
USDCAD,2025-05-01 20:54:20.636208,2025-05-01 21:00:23.823367,1.3844,1.3839,1.3841947368421053,0.0003612208504280723,1.0,681419275bf39a1b89a5c43a
USDGBP,2025-05-01 20:54:20.636208,2025-05-01 21:00:23.858901,0.7532,0.7529,0.7530947368421053,0.00039835625628979174,0.8401486988847584,681419275bf39a1b89a5c43b
USDCHF,2025-05-01 20:54:20.636208,2025-05-01 21:00:23.896062,0.8317,0.8311,0.8314035087719298,0.0007216712386579988,0.5175292153589316,681419275bf39a1b89a5c43c
USDAUD,2025-05-01 20:54:20.636208,2025-05-01 21:00:23.917439,1.5621,1.5602,1.5612122807017543,0.0012170029812640058,0.8776978417266187,681419275bf39a1b89a5c43d
EURCHF,2025-05-01 20:54:20.636208,2025-05-01 21:00:23.940569,0.938,0.9378,0.9378859649122807,0.00021324554101700808,0.5501730103806228,681419275bf39a1b89a5c43e
GBPEUR,2025-05-01 20:54:20.636208,2025-05-01 21:00:23.967253,1.1772,1.1768,1.1769754385964915,0.00033985416082849115,0.4948805460750853,681419275bf39a1b89a5c43f
GBPCHF,2025-05-01 20:54:20.636208,2025-05-01 21:00:23.990515,1.1042,1.1035,1.1039175438596491,0.0006341053314115481,0.662269129287599,681419285bf39a1b89a5c440
USDJPY,2025-05-01 20:54:20.636208,2025-05-01 21:00:24.029049,145.888,145.804,145.86315789473684,0.0005758822255899764,0.6722689075630253,681419285bf39a1b89a5c441
USDINR,2025-05-01 20:54:20.636208,2025-05-01 21:00:24.057479,84.6682,84.591,84.66621228070176,0.0009118159171223639,1.0,681419285bf39a1b89a5c442
USDCNY,2025-05-01 20:54:20.636208,2025-05-01 21:00:24.077869,7.2706,7.2706,7.2706,0.0,0.0,681419285bf39a1b89a5c443
USDEUR,2025-05-01 21:00:24.107913,2025-05-01 21:06:29.725192,0.8863,0.8861,0.8862037037037036,0.00022568174694386818,1.0,68141a955bf39a1b89a5c696
USDCAD,2025-05-01 21:00:24.107913,2025-05-01 21:06:29.780078,1.3841,1.3838,1.3839833333333331,0.00021676561615640053,0.7675438596491229,68141a955bf39a1b89a5c697
USDGBP,2025-05-01 21:00:24.107913,2025-05-01 21:06:29.801449,0.753,0.7528,0.7529333333333333,0.0002656277669558765,0.6282527881040892,68141a955bf39a1b89a5c698
USDCHF,2025-05-01 21:00:24.107913,2025-05-01 21:06:29.818571,0.8314,0.8309,0.8311685185185185,0.0006015627262823429,0.659432387312187,68141a955bf39a1b89a5c699
USDAUD,2025-05-01 21:00:24.107913,2025-05-01 21:06:29.837268,1.5614,1.5602,1.560875925925926,0.0007687990954745598,0.7014388489208633,68141a955bf39a1b89a5c69a
EURCHF,2025-05-01 21:00:24.107913,2025-05-01 21:06:29.856268,0.938,0.9377,0.9378537037037036,0.00031987931466840593,0.4532871972318339,68141a955bf39a1b89a5c69b
GBPEUR,2025-05-01 21:00:24.107913,2025-05-01 21:06:29.875216,1.1771,1.1764,1.1768888888888889,0.0005947885196375854,0.9761092150170648,68141a955bf39a1b89a5c69c
GBPCHF,2025-05-01 21:00:24.107913,2025-05-01 21:06:29.895175,1.1039,1.1036,1.1037481481481481,0.0002718011355249152,0.8073878627968337,68141a955bf39a1b89a5c69d
USDJPY,2025-05-01 21:00:24.107913,2025-05-01 21:06:29.917589,145.862,145.668,145.74085185185186,0.001331129861908539,1.0,68141a955bf39a1b89a5c69e
USDINR,2025-05-01 21:00:24.107913,2025-05-01 21:06:30.032440,84.7803,84.5514,84.71307962962963,0.0027020620782618175,1.0,68141a965bf39a1b89a5c69f
USDCNY,2025-05-01 21:00:24.107913,2025-05-01 21:06:30.049274,7.2706,7.2706,7.2706,0.0,0.0,68141a965bf39a1b89a5c6a0
USDEUR,2025-05-01 21:06:30.221761,2025-05-01 21:12:30.995829,0.8865,0.8862,0.8863814814814814,0.00033845472436828505,0.9372549019607843,68141bff5bf39a1b89a5c8f3
USDCAD,2025-05-01 21:06:30.221761,2025-05-01 21:12:31.022351,1.3842,1.3839,1.384125925925926,0.00021674328497206695,0.9342105263157895,68141bff5bf39a1b89a5c8f4
USDGBP,2025-05-01 21:06:30.221761,2025-05-01 21:12:31.054860,0.7531,0.753,0.753075925925926,0.00013278873558072706,0.5464684014869888,68141bff5bf39a1b89a5c8f5
USDCHF,2025-05-01 21:06:30.221761,2025-05-01 21:12:31.081859,0.8313,0.8309,0.8311481481481481,0.00048126197584785925,0.44741235392320533,68141bff5bf39a1b89a5c8f6
USDAUD,2025-05-01 21:06:30.221761,2025-05-01 21:12:31.104634,1.5614,1.5603,1.5610777777777776,0.000704641380242917,0.684652278177458,68141bff5bf39a1b89a5c8f7
EURCHF,2025-05-01 21:06:30.221761,2025-05-01 21:12:31.131345,0.9378,0.9374,0.93765,0.00042659841092087235,0.7958477508650519,68141bff5bf39a1b89a5c8f8
GBPEUR,2025-05-01 21:06:30.221761,2025-05-01 21:12:31.155205,1.1771,1.1769,1.1769722222222223,0.00016992754478296963,0.13651877133105803,68141bff5bf39a1b89a5c8f9
GBPCHF,2025-05-01 21:06:30.221761,2025-05-01 21:12:31.184496,1.1038,1.1032,1.1035777777777778,0.0005436861923843061,0.9287598944591029,68141bff5bf39a1b89a5c8fa
USDJPY,2025-05-01 21:06:30.221761,2025-05-01 21:12:31.202826,145.765,145.656,145.72814814814814,0.0007479680582310726,0.4719387755102041,68141bff5bf39a1b89a5c8fb
USDINR,2025-05-01 21:06:30.221761,2025-05-01 21:12:31.247881,84.6441,84.5514,84.59495,0.0010958100926827614,1.0,68141bff5bf39a1b89a5c8fc
USDCNY,2025-05-01 21:06:30.221761,2025-05-01 21:12:31.261775,7.2706,7.2706,7.2706,0.0,0.0,68141bff5bf39a1b89a5c8fd
USDEUR,2025-05-01 21:12:31.349628,2025-05-01 21:18:36.653871,0.8863,0.8859,0.8860303571428572,0.0004514518004663161,0.9803921568627451,68141d6c5bf39a1b89a5cb66
USDCAD,2025-05-01 21:12:31.349628,2025-05-01 21:18:36.680607,1.3841,1.3837,1.3839124999999999,0.000289035614607266,0.6798245614035088,68141d6c5bf39a1b89a5cb67
USDGBP,2025-05-01 21:12:31.349628,2025-05-01 21:18:36.703571,0.753,0.7527,0.7527821428571428,0.0003985216743603051,0.758364312267658,68141d6c5bf39a1b89a5cb68
USDCHF,2025-05-01 21:12:31.349628,2025-05-01 21:18:36.727943,0.8309,0.8302,0.8304571428571429,0.0008429092410375456,0.6277128547579299,68141d6c5bf39a1b89a5cb69
USDAUD,2025-05-01 21:12:31.349628,2025-05-01 21:18:36.742894,1.5613,1.5603,1.5608553571428572,0.0006406743555215699,0.4064748201438849,68141d6c5bf39a1b89a5cb6a
EURCHF,2025-05-01 21:12:31.349628,2025-05-01 21:18:36.760666,0.9375,0.937,0.9372142857142858,0.0005334959225668188,1.0,68141d6c5bf39a1b89a5cb6b
GBPEUR,2025-05-01 21:12:31.349628,2025-05-01 21:18:36.777911,1.177,1.1766,1.1769250000000002,0.0003398687257046591,0.5665529010238908,68141d6c5bf39a1b89a5cb6c
GBPCHF,2025-05-01 21:12:31.349628,2025-05-01 21:18:36.793925,1.1034,1.1028,1.103075,0.0005439340026742823,0.8469656992084432,68141d6c5bf39a1b89a5cb6d
USDJPY,2025-05-01 21:12:31.349628,2025-05-01 21:18:36.808704,145.66,145.531,145.59416071428572,0.0008860245449894144,0.9056122448979592,68141d6c5bf39a1b89a5cb6e
USDINR,2025-05-01 21:12:31.349628,2025-05-01 21:18:36.823532,84.6222,84.5663,84.59829821428572,0.0006607697930094852,0.3846801346801347,68141d6c5bf39a1b89a5cb6f
USDCNY,2025-05-01 21:12:31.349628,2025-05-01 21:18:36.835625,7.2706,7.2706,7.2706,0.0,0.0,68141d6c5bf39a1b89a5cb70
USDEUR,2025-05-01 21:18:36.987422,2025-05-01 21:24:42.790520,0.8863,0.8859,0.8861964912280701,0.00045136716739381966,0.6431372549019608,68141eda5bf39a1b89a5cde4
USDCAD,2025-05-01 21:18:36.987422,2025-05-01 21:24:42.804193,1.384,1.3837,1.3838508771929823,0.00021678636401090422,0.2675438596491228,68141eda5bf39a1b89a5cde5
USDGBP,2025-05-01 21:18:36.987422,2025-05-01 21:24:42.821083,0.7529,0.7527,0.7528421052631579,0.00026565995525724143,0.5055762081784386,68141eda5bf39a1b89a5cde6
USDCHF,2025-05-01 21:18:36.987422,2025-05-01 21:24:42.845050,0.831,0.8303,0.8307473684210527,0.0008426147666653068,0.66110183639399,68141eda5bf39a1b89a5cde7
USDAUD,2025-05-01 21:18:36.987422,2025-05-01 21:24:42.865210,1.5615,1.5604,1.5610315789473683,0.0007046622341502218,0.7038369304556354,68141eda5bf39a1b89a5cde8
EURCHF,2025-05-01 21:18:36.987422,2025-05-01 21:24:42.889017,0.9376,0.9371,0.9374017543859648,0.0005333892300291935,0.49206349206349204,68141eda5bf39a1b89a5cde9
GBPEUR,2025-05-01 21:18:36.987422,2025-05-01 21:24:42.913448,1.1772,1.1767,1.1770473684210527,0.0004247917402599257,0.8976109215017065,68141eda5bf39a1b89a5cdea
GBPCHF,2025-05-01 21:18:36.987422,2025-05-01 21:24:42.941868,1.1036,1.1031,1.103378947368421,0.00045315347115553915,1.0,68141eda5bf39a1b89a5cdeb
USDJPY,2025-05-01 21:18:36.987422,2025-05-01 21:24:42.959664,145.666,145.554,145.62508771929822,0.0007690982491690032,0.701530612244898,68141eda5bf39a1b89a5cdec
USDINR,2025-05-01 21:18:36.987422,2025-05-01 21:24:42.978947,84.5895,84.5641,84.56931754385965,0.0003003453349003521,0.28535353535353536,68141eda5bf39a1b89a5cded
USDCNY,2025-05-01 21:18:36.987422,2025-05-01 21:24:42.992047,7.2706,7.2706,7.2706,0.0,0.0,68141eda5bf39a1b89a5cdee
USDEUR,2025-05-01 21:24:43.374130,2025-05-01 21:30:45.510646,0.8864,0.8861,0.8862438596491229,0.0003385072818656723,0.4117647058823529,681420455bf39a1b89a5d062
USDCAD,2025-05-01 21:24:43.374130,2025-05-01 21:30:45.529554,1.3841,1.3836,1.383840350877193,0.00036131335502915884,0.4692982456140351,681420455bf39a1b89a5d063
USDGBP,2025-05-01 21:24:43.374130,2025-05-01 21:30:45.556775,0.753,0.7527,0.7528894736842106,0.0003984648616907054,0.4275092936802974,681420455bf39a1b89a5d064
USDCHF,2025-05-01 21:24:43.374130,2025-05-01 21:30:45.587503,0.8309,0.8305,0.8307789473684211,0.0004814758501849351,0.5759599332220368,681420455bf39a1b89a5d065
USDAUD,2025-05-01 21:24:43.374130,2025-05-01 21:30:45.614673,1.5619,1.5608,1.561359649122807,0.000704514171746462,0.5683453237410072,681420455bf39a1b89a5d066
EURCHF,2025-05-01 21:24:43.374130,2025-05-01 21:30:45.739904,0.9376,0.9373,0.9374157894736842,0.0003200287464417504,0.3412698412698413,681420455bf39a1b89a5d067
GBPEUR,2025-05-01 21:24:43.374130,2025-05-01 21:30:45.754360,1.1771,1.1768,1.177001754385965,0.00025488492169365985,0.6143344709897611,681420455bf39a1b89a5d068
GBPCHF,2025-05-01 21:24:43.374130,2025-05-01 21:30:45.768838,1.1036,1.1031,1.1033473684210526,0.00045316644087842515,0.7512315270935961,681420455bf39a1b89a5d069
USDJPY,2025-05-01 21:24:43.374130,2025-05-01 21:30:45.786906,145.648,145.587,145.61605263157895,0.00041890985847791286,0.5663265306122449,681420455bf39a1b89a5d06a
USDINR,2025-05-01 21:24:43.374130,2025-05-01 21:30:45.803243,84.591,84.5676,84.5729350877193,0.0002766842604637601,0.04377104377104377,681420455bf39a1b89a5d06b
USDCNY,2025-05-01 21:24:43.374130,2025-05-01 21:30:45.818813,7.2706,7.2706,7.2706,0.0,0.0,681420455bf39a1b89a5d06c
USDEUR,2025-05-01 21:30:45.915239,2025-05-01 21:36:47.154003,0.8866,0.8862,0.8864354838709677,0.00045124547389880005,0.9333333333333333,681421af5bf39a1b89a5d317
USDCAD,2025-05-01 21:30:45.915239,2025-05-01 21:36:47.471861,1.3843,1.3839,1.384117741935484,0.00028899275537125704,0.9736842105263158,681421af5bf39a1b89a5d318
USDGBP,2025-05-01 21:30:45.915239,2025-05-01 21:36:47.488065,0.7532,0.753,0.7530870967741936,0.0002655735317424329,0.49814126394052044,681421af5bf39a1b89a5d319
USDCHF,2025-05-01 21:30:45.915239,2025-05-01 21:36:47.504934,0.8313,0.8309,0.8311387096774193,0.0004812674410933339,0.5225375626043406,681421af5bf39a1b89a5d31a
USDAUD,2025-05-01 21:30:45.915239,2025-05-01 21:36:47.522058,1.5623,1.5613,1.5619919354838712,0.0006402081709150013,0.6690647482014388,681421af5bf39a1b89a5d31b
EURCHF,2025-05-01 21:30:45.915239,2025-05-01 21:36:47.551550,0.9377,0.9374,0.9375725806451612,0.00031997522772427,0.1931216931216931,681421af5bf39a1b89a5d31c
GBPEUR,2025-05-01 21:30:45.915239,2025-05-01 21:36:47.583563,1.1771,1.1767,1.1770032258064516,0.0003398461374019485,0.7372013651877133,681421af5bf39a1b89a5d31d
GBPCHF,2025-05-01 21:30:45.915239,2025-05-01 21:36:47.607398,1.1037,1.1033,1.103516129032258,0.00036247771054396903,1.0,681421af5bf39a1b89a5d31e
USDJPY,2025-05-01 21:30:45.915239,2025-05-01 21:36:47.635113,145.706,145.629,145.6721129032258,0.0005285843560953324,0.5714285714285714,681421af5bf39a1b89a5d31f
USDINR,2025-05-01 21:30:45.915239,2025-05-01 21:36:47.669364,84.592,84.5567,84.56627258064516,0.0004174240973708414,0.25673400673400676,681421af5bf39a1b89a5d320
USDCNY,2025-05-01 21:30:45.915239,2025-05-01 21:36:47.696101,7.2706,7.2706,7.2706,0.0,0.0,681421af5bf39a1b89a5d321
USDEUR,2025-05-01 21:36:47.901001,2025-05-01 21:42:55.616137,0.8865,0.8859,0.88623,0.0006770251514843031,1.0,6814231f5bf39a1b89a5d5b6
USDCAD,2025-05-01 21:36:47.901001,2025-05-01 21:42:55.647800,1.3842,1.3839,1.38406,0.00021675360894772553,0.6052631578947368,6814231f5bf39a1b89a5d5b7
USDGBP,2025-05-01 21:36:47.901001,2025-05-01 21:42:55.673673,0.7532,0.7528,0.753005,0.0005312049720784802,0.8773234200743495,6814231f5bf39a1b89a5d5b8
USDCHF,2025-05-01 21:36:47.901001,2025-05-01 21:42:55.707079,0.8313,0.8308,0.8310633333333333,0.0006016388642663287,0.4540901502504174,6814231f5bf39a1b89a5d5b9
USDAUD,2025-05-01 21:36:47.901001,2025-05-01 21:42:55.743378,1.5625,1.5612,1.5620800000000001,0.0008322237017310757,0.8129496402877698,6814231f5bf39a1b89a5d5ba
EURCHF,2025-05-01 21:36:47.901001,2025-05-01 21:42:55.768547,0.9378,0.9376,0.9377133333333333,0.0002132847991923381,0.41005291005291006,6814231f5bf39a1b89a5d5bb
GBPEUR,2025-05-01 21:36:47.901001,2025-05-01 21:42:55.790322,1.177,1.1765,1.176831666666667,0.0004248696004384185,0.6143344709897611,6814231f5bf39a1b89a5d5bc
GBPCHF,2025-05-01 21:36:47.901001,2025-05-01 21:42:55.810579,1.1037,1.1033,1.1035216666666665,0.0003624758915773797,0.6858974358974359,6814231f5bf39a1b89a5d5bd
USDJPY,2025-05-01 21:36:47.901001,2025-05-01 21:42:55.829736,145.684,145.521,145.60626666666667,0.0011194573127347833,0.7423469387755102,6814231f5bf39a1b89a5d5be
USDINR,2025-05-01 21:36:47.901001,2025-05-01 21:42:55.850584,84.5917,84.3708,84.55034666666667,0.002612644521386551,0.9537037037037037,6814231f5bf39a1b89a5d5bf
USDCNY,2025-05-01 21:36:47.901001,2025-05-01 21:42:55.865181,7.2706,7.2706,7.2706,0.0,0.0,6814231f5bf39a1b89a5d5c0
USDEUR,2025-05-01 21:42:55.948949,2025-05-01 21:48:57.587760,0.8861,0.8857,0.8858909090909092,0.0004515228634758553,0.5562913907284768,681424895bf39a1b89a5d81e
USDCAD,2025-05-01 21:42:55.948949,2025-05-01 21:48:57.603812,1.384,1.3836,1.383870909090909,0.0002890443012944925,0.7324561403508771,681424895bf39a1b89a5d81f
USDGBP,2025-05-01 21:42:55.948949,2025-05-01 21:48:57.629795,0.753,0.7527,0.75284,0.0003984910472344283,0.5799256505576208,681424895bf39a1b89a5d820
USDCHF,2025-05-01 21:42:55.948949,2025-05-01 21:48:57.658196,0.831,0.8303,0.8306963636363636,0.000842666503240343,0.5108514190317195,681424895bf39a1b89a5d821
USDAUD,2025-05-01 21:42:55.948949,2025-05-01 21:48:57.789727,1.5624,1.5605,1.561830909090909,0.0012165209363835302,0.6750599520383693,681424895bf39a1b89a5d822
EURCHF,2025-05-01 21:42:55.948949,2025-05-01 21:48:57.806173,0.9378,0.9374,0.9376654545454545,0.0004265913797515993,0.3333333333333333,681424895bf39a1b89a5d823
GBPEUR,2025-05-01 21:42:55.948949,2025-05-01 21:48:57.822743,1.1768,1.1766,1.1766545454545456,0.00016997342233757937,0.17747440273037543,681424895bf39a1b89a5d824
GBPCHF,2025-05-01 21:42:55.948949,2025-05-01 21:48:57.838437,1.1036,1.1029,1.1033127272727272,0.000634452936775459,0.8568376068376068,681424895bf39a1b89a5d825
USDJPY,2025-05-01 21:42:55.948949,2025-05-01 21:48:57.856004,145.568,145.512,145.5457818181818,0.0003847586601305129,0.5076530612244898,681424895bf39a1b89a5d826
USDINR,2025-05-01 21:42:55.948949,2025-05-01 21:48:57.872735,84.5792,84.5265,84.55236909090908,0.0006232823582191943,0.6548821548821548,681424895bf39a1b89a5d827
USDCNY,2025-05-01 21:42:55.948949,2025-05-01 21:48:57.891141,7.2706,7.2706,7.2706,0.0,0.0,681424895bf39a1b89a5d828
USDEUR,2025-05-01 21:48:57.982621,2025-05-01 21:55:02.223936,0.8857,0.8853,0.8855285714285713,0.0004517076161131316,0.48344370860927155,681425f65bf39a1b89a5da91
USDCAD,2025-05-01 21:48:57.982621,2025-05-01 21:55:02.240162,1.3838,1.3833,1.3836214285714286,0.00036137052352260007,0.8289473684210527,681425f65bf39a1b89a5da92
USDGBP,2025-05-01 21:48:57.982621,2025-05-01 21:55:02.255882,0.7528,0.7524,0.7525946428571428,0.0005314946150579958,0.9851301115241635,681425f65bf39a1b89a5da93
USDCHF,2025-05-01 21:48:57.982621,2025-05-01 21:55:02.271355,0.8303,0.8299,0.8301267857142857,0.00048185410576275466,0.41736227045075125,681425f65bf39a1b89a5da94
USDAUD,2025-05-01 21:48:57.982621,2025-05-01 21:55:02.287557,1.5615,1.5596,1.5607535714285714,0.001217360661402124,0.9916067146282974,681425f65bf39a1b89a5da95
EURCHF,2025-05-01 21:48:57.982621,2025-05-01 21:55:02.303872,0.9375,0.9372,0.9374250000000001,0.00032002560204812857,0.8015873015873016,681425f65bf39a1b89a5da96
GBPEUR,2025-05-01 21:48:57.982621,2025-05-01 21:55:02.320300,1.1766,1.1762,1.1765017857142859,0.0003399909841678032,0.8839590443686007,681425f65bf39a1b89a5da97
GBPCHF,2025-05-01 21:48:57.982621,2025-05-01 21:55:02.335083,1.103,1.1026,1.102882142857143,0.00036268607900723644,0.9807692307692307,681425f65bf39a1b89a5da98
USDJPY,2025-05-01 21:48:57.982621,2025-05-01 21:55:02.350662,145.518,145.463,145.48801785714286,0.00037803800484801606,0.5688775510204082,681425f65bf39a1b89a5da99
USDINR,2025-05-01 21:48:57.982621,2025-05-01 21:55:02.470014,84.5591,84.0162,84.47301607142857,0.006426904415736008,1.0,681425f65bf39a1b89a5da9a
USDCNY,2025-05-01 21:48:57.982621,2025-05-01 21:55:02.487641,7.2706,7.2706,7.2706,0.0,0.0,681425f65bf39a1b89a5da9b
